{"trial_id": "01", "hyperparameters": {"space": [{"class_name": "Int", "config": {"name": "l1_units", "default": null, "conditions": [], "min_value": 32, "max_value": 128, "step": 32, "sampling": "linear"}}, {"class_name": "Int", "config": {"name": "l2_units", "default": null, "conditions": [], "min_value": 32, "max_value": 128, "step": 32, "sampling": "linear"}}, {"class_name": "Choice", "config": {"name": "learning_rate", "default": 0.01, "conditions": [], "values": [0.01, 0.001], "ordered": true}}], "values": {"l1_units": 32, "l2_units": 96, "learning_rate": 0.001}}, "metrics": {"metrics": {"accuracy": {"direction": "max", "observations": [{"value": [0.811908503373464], "step": 0}]}, "loss": {"direction": "min", "observations": [{"value": [0.40707934896151227], "step": 0}]}, "val_accuracy": {"direction": "max", "observations": [{"value": [0.8122469385464987], "step": 0}]}, "val_loss": {"direction": "min", "observations": [{"value": [0.4093046585718791], "step": 0}]}}}, "score": 0.8122469385464987, "best_step": 0, "status": "COMPLETED", "message": null}