{"trial_id": "18", "hyperparameters": {"space": [{"class_name": "Int", "config": {"name": "l1_units", "default": null, "conditions": [], "min_value": 32, "max_value": 128, "step": 32, "sampling": "linear"}}, {"class_name": "Int", "config": {"name": "l2_units", "default": null, "conditions": [], "min_value": 32, "max_value": 128, "step": 32, "sampling": "linear"}}, {"class_name": "Choice", "config": {"name": "learning_rate", "default": 0.01, "conditions": [], "values": [0.01, 0.001], "ordered": true}}], "values": {"l1_units": 32, "l2_units": 32, "learning_rate": 0.001}}, "metrics": {"metrics": {"accuracy": {"direction": "max", "observations": [{"value": [0.8031852046648661], "step": 0}]}, "loss": {"direction": "min", "observations": [{"value": [0.42427576581637066], "step": 0}]}, "val_accuracy": {"direction": "max", "observations": [{"value": [0.8116543094317118], "step": 0}]}, "val_loss": {"direction": "min", "observations": [{"value": [0.41124874353408813], "step": 0}]}}}, "score": 0.8116543094317118, "best_step": 0, "status": "COMPLETED", "message": null}