{"trial_id": "04", "hyperparameters": {"space": [{"class_name": "Int", "config": {"name": "l1_units", "default": null, "conditions": [], "min_value": 32, "max_value": 128, "step": 32, "sampling": "linear"}}, {"class_name": "Int", "config": {"name": "l2_units", "default": null, "conditions": [], "min_value": 32, "max_value": 128, "step": 32, "sampling": "linear"}}, {"class_name": "Choice", "config": {"name": "learning_rate", "default": 0.01, "conditions": [], "values": [0.01, 0.001], "ordered": true}}], "values": {"l1_units": 32, "l2_units": 96, "learning_rate": 0.01}}, "metrics": {"metrics": {"accuracy": {"direction": "max", "observations": [{"value": [0.8260958592096964], "step": 2}]}, "loss": {"direction": "min", "observations": [{"value": [0.38210262854894], "step": 2}]}, "val_accuracy": {"direction": "max", "observations": [{"value": [0.8094568053881327], "step": 2}]}, "val_loss": {"direction": "min", "observations": [{"value": [0.4265079398949941], "step": 2}]}}}, "score": 0.8094568053881327, "best_step": 2, "status": "COMPLETED", "message": null}