{"trial_id": "09", "hyperparameters": {"space": [{"class_name": "Int", "config": {"name": "l1_units", "default": null, "conditions": [], "min_value": 32, "max_value": 128, "step": 32, "sampling": "linear"}}, {"class_name": "Int", "config": {"name": "l2_units", "default": null, "conditions": [], "min_value": 32, "max_value": 128, "step": 32, "sampling": "linear"}}, {"class_name": "Choice", "config": {"name": "learning_rate", "default": 0.01, "conditions": [], "values": [0.01, 0.001], "ordered": true}}], "values": {"l1_units": 128, "l2_units": 64, "learning_rate": 0.001}}, "metrics": {"metrics": {"accuracy": {"direction": "max", "observations": [{"value": [0.7970762451489767], "step": 0}]}, "loss": {"direction": "min", "observations": [{"value": [0.43523480494817096], "step": 0}]}, "val_accuracy": {"direction": "max", "observations": [{"value": [0.812691350777944], "step": 0}]}, "val_loss": {"direction": "min", "observations": [{"value": [0.408448447783788], "step": 0}]}}}, "score": 0.812691350777944, "best_step": 0, "status": "COMPLETED", "message": null}