{"trial_id": "05", "hyperparameters": {"space": [{"class_name": "Int", "config": {"name": "l1_units", "default": null, "conditions": [], "min_value": 32, "max_value": 128, "step": 32, "sampling": "linear"}}, {"class_name": "Int", "config": {"name": "l2_units", "default": null, "conditions": [], "min_value": 32, "max_value": 128, "step": 32, "sampling": "linear"}}, {"class_name": "Choice", "config": {"name": "learning_rate", "default": 0.01, "conditions": [], "values": [0.01, 0.001], "ordered": true}}], "values": {"l1_units": 64, "l2_units": 96, "learning_rate": 0.01}}, "metrics": {"metrics": {"accuracy": {"direction": "max", "observations": [{"value": [0.8074248433113098], "step": 0}]}, "loss": {"direction": "min", "observations": [{"value": [0.41631706555684406], "step": 0}]}, "val_accuracy": {"direction": "max", "observations": [{"value": [0.8064938386281332], "step": 0}]}, "val_loss": {"direction": "min", "observations": [{"value": [0.41830767194430035], "step": 0}]}}}, "score": 0.8064938386281332, "best_step": 0, "status": "COMPLETED", "message": null}