{"trial_id": "17", "hyperparameters": {"space": [{"class_name": "Int", "config": {"name": "l1_units", "default": null, "conditions": [], "min_value": 32, "max_value": 128, "step": 32, "sampling": "linear"}}, {"class_name": "Int", "config": {"name": "l2_units", "default": null, "conditions": [], "min_value": 32, "max_value": 128, "step": 32, "sampling": "linear"}}, {"class_name": "Choice", "config": {"name": "learning_rate", "default": 0.01, "conditions": [], "values": [0.01, 0.001], "ordered": true}}], "values": {"l1_units": 96, "l2_units": 32, "learning_rate": 0.001}}, "metrics": {"metrics": {"accuracy": {"direction": "max", "observations": [{"value": [0.8264357248942057], "step": 1}]}, "loss": {"direction": "min", "observations": [{"value": [0.3805897732575734], "step": 1}]}, "val_accuracy": {"direction": "max", "observations": [{"value": [0.8122962911923727], "step": 1}]}, "val_loss": {"direction": "min", "observations": [{"value": [0.411665399869283], "step": 1}]}}}, "score": 0.8122962911923727, "best_step": 1, "status": "COMPLETED", "message": null}