{"trial_id": "06", "hyperparameters": {"space": [{"class_name": "Int", "config": {"name": "l1_units", "default": null, "conditions": [], "min_value": 32, "max_value": 128, "step": 32, "sampling": "linear"}}, {"class_name": "Int", "config": {"name": "l2_units", "default": null, "conditions": [], "min_value": 32, "max_value": 128, "step": 32, "sampling": "linear"}}, {"class_name": "Choice", "config": {"name": "learning_rate", "default": 0.01, "conditions": [], "values": [0.01, 0.001], "ordered": true}}], "values": {"l1_units": 96, "l2_units": 96, "learning_rate": 0.01}}, "metrics": {"metrics": {"accuracy": {"direction": "max", "observations": [{"value": [0.8108583887418112], "step": 0}]}, "loss": {"direction": "min", "observations": [{"value": [0.413646936416626], "step": 0}]}, "val_accuracy": {"direction": "max", "observations": [{"value": [0.8094320893287659], "step": 0}]}, "val_loss": {"direction": "min", "observations": [{"value": [0.4169288178284963], "step": 0}]}}}, "score": 0.8094320893287659, "best_step": 0, "status": "COMPLETED", "message": null}