{"trial_id": "00", "hyperparameters": {"space": [{"class_name": "Int", "config": {"name": "l1_units", "default": null, "conditions": [], "min_value": 32, "max_value": 128, "step": 32, "sampling": "linear"}}, {"class_name": "Int", "config": {"name": "l2_units", "default": null, "conditions": [], "min_value": 32, "max_value": 128, "step": 32, "sampling": "linear"}}, {"class_name": "Choice", "config": {"name": "learning_rate", "default": 0.01, "conditions": [], "values": [0.01, 0.001], "ordered": true}}], "values": {"l1_units": 64, "l2_units": 64, "learning_rate": 0.001}}, "metrics": {"metrics": {"accuracy": {"direction": "max", "observations": [{"value": [0.8330806096394857], "step": 1}]}, "loss": {"direction": "min", "observations": [{"value": [0.36861881613731384], "step": 1}]}, "val_accuracy": {"direction": "max", "observations": [{"value": [0.8096543153127035], "step": 1}]}, "val_loss": {"direction": "min", "observations": [{"value": [0.4191650052865346], "step": 1}]}}}, "score": 0.8096543153127035, "best_step": 1, "status": "COMPLETED", "message": null}