{"trial_id": "13", "hyperparameters": {"space": [{"class_name": "Int", "config": {"name": "l1_units", "default": null, "conditions": [], "min_value": 32, "max_value": 128, "step": 32, "sampling": "linear"}}, {"class_name": "Int", "config": {"name": "l2_units", "default": null, "conditions": [], "min_value": 32, "max_value": 128, "step": 32, "sampling": "linear"}}, {"class_name": "Choice", "config": {"name": "learning_rate", "default": 0.01, "conditions": [], "values": [0.01, 0.001], "ordered": true}}], "values": {"l1_units": 128, "l2_units": 96, "learning_rate": 0.001}}, "metrics": {"metrics": {"accuracy": {"direction": "max", "observations": [{"value": [0.8086971640586853], "step": 0}]}, "loss": {"direction": "min", "observations": [{"value": [0.4147035280863444], "step": 0}]}, "val_accuracy": {"direction": "max", "observations": [{"value": [0.8116296331087748], "step": 0}]}, "val_loss": {"direction": "min", "observations": [{"value": [0.41196967164675397], "step": 0}]}}}, "score": 0.8116296331087748, "best_step": 0, "status": "COMPLETED", "message": null}