{"trial_id": "08", "hyperparameters": {"space": [{"class_name": "Int", "config": {"name": "l1_units", "default": null, "conditions": [], "min_value": 32, "max_value": 128, "step": 32, "sampling": "linear"}}, {"class_name": "Int", "config": {"name": "l2_units", "default": null, "conditions": [], "min_value": 32, "max_value": 128, "step": 32, "sampling": "linear"}}, {"class_name": "Choice", "config": {"name": "learning_rate", "default": 0.01, "conditions": [], "values": [0.01, 0.001], "ordered": true}}], "values": {"l1_units": 96, "l2_units": 64, "learning_rate": 0.01}}, "metrics": {"metrics": {"accuracy": {"direction": "max", "observations": [{"value": [0.8099215626716614], "step": 0}]}, "loss": {"direction": "min", "observations": [{"value": [0.41414323449134827], "step": 0}]}, "val_accuracy": {"direction": "max", "observations": [{"value": [0.8095555504163107], "step": 0}]}, "val_loss": {"direction": "min", "observations": [{"value": [0.4204964240392049], "step": 0}]}}}, "score": 0.8095555504163107, "best_step": 0, "status": "COMPLETED", "message": null}