{"trial_id": "19", "hyperparameters": {"space": [{"class_name": "Int", "config": {"name": "l1_units", "default": null, "conditions": [], "min_value": 32, "max_value": 128, "step": 32, "sampling": "linear"}}, {"class_name": "Int", "config": {"name": "l2_units", "default": null, "conditions": [], "min_value": 32, "max_value": 128, "step": 32, "sampling": "linear"}}, {"class_name": "Choice", "config": {"name": "learning_rate", "default": 0.01, "conditions": [], "values": [0.01, 0.001], "ordered": true}}], "values": {"l1_units": 32, "l2_units": 128, "learning_rate": 0.01}}, "metrics": {"metrics": {"accuracy": {"direction": "max", "observations": [{"value": [0.8037647207578024], "step": 0}]}, "loss": {"direction": "min", "observations": [{"value": [0.42597391208012897], "step": 0}]}, "val_accuracy": {"direction": "max", "observations": [{"value": [0.8077284097671509], "step": 0}]}, "val_loss": {"direction": "min", "observations": [{"value": [0.4207158883412679], "step": 0}]}}}, "score": 0.8077284097671509, "best_step": 0, "status": "COMPLETED", "message": null}