{"trial_id": "15", "hyperparameters": {"space": [{"class_name": "Int", "config": {"name": "l1_units", "default": null, "conditions": [], "min_value": 32, "max_value": 128, "step": 32, "sampling": "linear"}}, {"class_name": "Int", "config": {"name": "l2_units", "default": null, "conditions": [], "min_value": 32, "max_value": 128, "step": 32, "sampling": "linear"}}, {"class_name": "Choice", "config": {"name": "learning_rate", "default": 0.01, "conditions": [], "values": [0.01, 0.001], "ordered": true}}], "values": {"l1_units": 64, "l2_units": 128, "learning_rate": 0.001}}, "metrics": {"metrics": {"accuracy": {"direction": "max", "observations": [{"value": [0.815167764822642], "step": 0}]}, "loss": {"direction": "min", "observations": [{"value": [0.401019553343455], "step": 0}]}, "val_accuracy": {"direction": "max", "observations": [{"value": [0.8105185230573019], "step": 0}]}, "val_loss": {"direction": "min", "observations": [{"value": [0.41263675689697266], "step": 0}]}}}, "score": 0.8105185230573019, "best_step": 0, "status": "COMPLETED", "message": null}