{"trial_id": "14", "hyperparameters": {"space": [{"class_name": "Int", "config": {"name": "l1_units", "default": null, "conditions": [], "min_value": 32, "max_value": 128, "step": 32, "sampling": "linear"}}, {"class_name": "Int", "config": {"name": "l2_units", "default": null, "conditions": [], "min_value": 32, "max_value": 128, "step": 32, "sampling": "linear"}}, {"class_name": "Choice", "config": {"name": "learning_rate", "default": 0.01, "conditions": [], "values": [0.01, 0.001], "ordered": true}}], "values": {"l1_units": 96, "l2_units": 32, "learning_rate": 0.01}}, "metrics": {"metrics": {"accuracy": {"direction": "max", "observations": [{"value": [0.8028888901074728], "step": 0}]}, "loss": {"direction": "min", "observations": [{"value": [0.42737117409706116], "step": 0}]}, "val_accuracy": {"direction": "max", "observations": [{"value": [0.8072345654169718], "step": 0}]}, "val_loss": {"direction": "min", "observations": [{"value": [0.4214596052964528], "step": 0}]}}}, "score": 0.8072345654169718, "best_step": 0, "status": "COMPLETED", "message": null}