{"trial_id": "07", "hyperparameters": {"space": [{"class_name": "Int", "config": {"name": "l1_units", "default": null, "conditions": [], "min_value": 32, "max_value": 128, "step": 32, "sampling": "linear"}}, {"class_name": "Int", "config": {"name": "l2_units", "default": null, "conditions": [], "min_value": 32, "max_value": 128, "step": 32, "sampling": "linear"}}, {"class_name": "Choice", "config": {"name": "learning_rate", "default": 0.01, "conditions": [], "values": [0.01, 0.001], "ordered": true}}], "values": {"l1_units": 64, "l2_units": 128, "learning_rate": 0.01}}, "metrics": {"metrics": {"accuracy": {"direction": "max", "observations": [{"value": [0.8124618728955587], "step": 1}]}, "loss": {"direction": "min", "observations": [{"value": [0.4060031871000926], "step": 1}]}, "val_accuracy": {"direction": "max", "observations": [{"value": [0.8095555504163107], "step": 1}]}, "val_loss": {"direction": "min", "observations": [{"value": [0.4274256428082784], "step": 1}]}}}, "score": 0.8095555504163107, "best_step": 1, "status": "COMPLETED", "message": null}