{"trial_id": "11", "hyperparameters": {"space": [{"class_name": "Int", "config": {"name": "l1_units", "default": null, "conditions": [], "min_value": 32, "max_value": 128, "step": 32, "sampling": "linear"}}, {"class_name": "Int", "config": {"name": "l2_units", "default": null, "conditions": [], "min_value": 32, "max_value": 128, "step": 32, "sampling": "linear"}}, {"class_name": "Choice", "config": {"name": "learning_rate", "default": 0.01, "conditions": [], "values": [0.01, 0.001], "ordered": true}}], "values": {"l1_units": 96, "l2_units": 64, "learning_rate": 0.001}}, "metrics": {"metrics": {"accuracy": {"direction": "max", "observations": [{"value": [0.8274509906768799], "step": 1}]}, "loss": {"direction": "min", "observations": [{"value": [0.37871559460957843], "step": 1}]}, "val_accuracy": {"direction": "max", "observations": [{"value": [0.8113827109336853], "step": 1}]}, "val_loss": {"direction": "min", "observations": [{"value": [0.41466738780339557], "step": 1}]}}}, "score": 0.8113827109336853, "best_step": 1, "status": "COMPLETED", "message": null}