{"trial_id": "03", "hyperparameters": {"space": [{"class_name": "Int", "config": {"name": "l1_units", "default": null, "conditions": [], "min_value": 32, "max_value": 128, "step": 32, "sampling": "linear"}}, {"class_name": "Int", "config": {"name": "l2_units", "default": null, "conditions": [], "min_value": 32, "max_value": 128, "step": 32, "sampling": "linear"}}, {"class_name": "Choice", "config": {"name": "learning_rate", "default": 0.01, "conditions": [], "values": [0.01, 0.001], "ordered": true}}], "values": {"l1_units": 96, "l2_units": 96, "learning_rate": 0.001}}, "metrics": {"metrics": {"accuracy": {"direction": "max", "observations": [{"value": [0.8263965050379435], "step": 1}]}, "loss": {"direction": "min", "observations": [{"value": [0.3793219029903412], "step": 1}]}, "val_accuracy": {"direction": "max", "observations": [{"value": [0.8124444484710693], "step": 1}]}, "val_loss": {"direction": "min", "observations": [{"value": [0.4141305883725484], "step": 1}]}}}, "score": 0.8124444484710693, "best_step": 1, "status": "COMPLETED", "message": null}